fname,label,Acoustic_guitar,Bass_drum,Cello,Clarinet,Double_bass,Flute,Hi-hat,Saxophone,Snare_drum,Violin_or_fiddle,y_pred
5388d14d.wav,Saxophone,0.041388001292943954,0.40046781301498413,0.1500295251607895,0.006643395405262709,0.0013659358955919743,0.023474831134080887,0.2215339413378388e-05,0.955279751047492027,0.33265236020088196,0.018676146864891052,Saxophone
c685f05f.wav,Saxophone,0.02840546891093254,0.35533493757247925,0.1411292403936386,0.007998916320502758,0.0011777211911976337,0.021073587238788605,3.733363337232731e-05,0.9223879423737526,0.3157467842102051,0.026708049699664116,Saxophone
36d20ab5.wav,Saxophone,0.013122637756168842,0.08985641598701477,0.09801700711250305,0.00805205199867487,0.00023436045739799738,0.016831623390316963,2.0851932276855223e-05,0.91136022210121155,0.647132933139801,0.015371953137218952,Saxophone
d6665734.wav,Saxophone,0.011718091554939747,0.03582233190536499,0.068389892578125,0.01310721505433321,9.568221867084503e-05,0.013443686999380589,3.0453868021140806e-05,0.06873059272766113,0.7663900256156921,0.022271808236837387,Saxophone
7352e28f.wav,Saxophone,0.03862210735678673,0.25322169065475464,0.22504395246505737,0.019716743379831314,0.0014398550847545266,0.021171702072024345,0.0001269009371753782,0.889680781066417694,0.32534486055374146,0.08563132584095001,Saxophone
8fa096bf.wav,Saxophone,0.03130567446351051,0.3228246569633484,0.07525309920310974,0.008848666213452816,0.00046350801130756736,0.006399461068212986,1.594206150912214e-05,0.997275139689445496,0.4924255907535553,0.045188263058662415,Saxophone
2f9c5f62.wav,Saxophone,0.037521786987781525,0.5930458307266235,0.09930978715419769,0.003653646679595113,0.0011129277991130948,0.0077729844488203526,3.3297176287305774e-06,0.981121143586933613,0.23779058456420898,0.00866782944649458,Saxophone
9cd05a2b.wav,Saxophone,0.021707067266106606,0.26998987793922424,0.18687976896762848,0.010058464482426643,0.0010682414285838604,0.021133512258529663,6.394182855729014e-05,0.925827561765909195,0.3634423315525055,0.06982912868261337,Saxophone
ab465bf9.wav,Saxophone,0.042421311140060425,0.2576383352279663,0.27536481618881226,0.015171983279287815,0.0019809931982308626,0.0374973863363266,8.298487955471501e-05,0.941740041226148605,0.2754879295825958,0.052614063024520874,Saxophone
c40632d7.wav,Saxophone,0.02240043878555298,0.33097705245018005,0.15563693642616272,0.0173175111413002,0.0007647625752724707,0.016732268035411835,2.3700658857706003e-05,0.937799916714429855,0.34221142530441284,0.05613599345088005,Saxophone
3a80061f.wav,Saxophone,0.010527742095291615,0.04217540845274925,0.07234403491020203,0.019799597561359406,0.0001321001473115757,0.011406323872506618,4.0717441152082756e-05,0.97953648269176483,0.7419877052307129,0.02204972505569458,Saxophone
dba6817d.wav,Saxophone,0.010995266027748585,0.09449709951877594,0.0681542158126831,0.009505029767751694,0.00025458596064709127,0.014616071246564388,1.86171309906058e-05,0.033112380653619766,0.7404569387435913,0.028389843180775642,Saxophone
25f26095.wav,Saxophone,0.016703451052308083,0.2540198266506195,0.15308550000190735,0.015503503382205963,0.0010953242890536785,0.01320633478462696,4.495633038459346e-05,0.09347625821828842,0.31674787402153015,0.13611701130867004,Snare_drum
37cebbd4.wav,Saxophone,0.031315792351961136,0.32042184472084045,0.28201329708099365,0.01780679263174534,0.002373046474531293,0.027056951075792313,0.0001313017710344866,0.90006517052650452,0.18077625334262848,0.06803959608078003,Saxophone
f8d96888.wav,Saxophone,0.011070833541452885,0.08840646594762802,0.11212319135665894,0.01803898625075817,0.00020007403509225696,0.011155812069773674,5.425638300948776e-05,0.9194031834602356,0.6179022789001465,0.021644946187734604,Saxophone
d94c94f0.wav,Saxophone,0.007436372339725494,0.09860047698020935,0.05025412514805794,0.005312058608978987,0.00023524390417151153,0.006290112156420946,1.080343918147264e-05,0.997275139689445496,0.7808961868286133,0.0075735971331596375,Snare_drum
ec6afeb6.wav,Saxophone,0.028867505490779877,0.1841597855091095,0.20018476247787476,0.011372501961886883,0.001227263710461557,0.032932743430137634,8.613221143605188e-05,0.981121143586933613,0.41318753361701965,0.08143249899148941,Snare_drum
5f0dc8e4.wav,Saxophone,0.026374727487564087,0.8124772906303406,0.07011429965496063,0.002368207788094878,0.001137822400778532,0.00207426305860281,1.4529507552651921e-06,0.925827561765909195,0.06757210940122604,0.0069906869903206825,Saxophone
b8c0a88a.wav,Saxophone,0.007223346270620823,0.03185107931494713,0.048765648156404495,0.011805224232375622,4.0274222556035966e-05,0.0032196124084293842,6.906590442667948e-06,0.941740041226148605,0.8492087125778198,0.008025987073779106,Snare_drum
96dad435.wav,Saxophone,0.026857798919081688,0.38704100251197815,0.18620464205741882,0.007545875385403633,0.001191641204059124,0.01829775981605053,3.285672937636264e-05,0.937799916714429855,0.27950358390808105,0.061979684978723526,Saxophone
b120dc90.wav,Saxophone,0.011456574313342571,0.17866532504558563,0.13842439651489258,0.015259109437465668,0.0005255594733171165,0.012858975678682327,2.7753139875130728e-05,0.97953648269176483,0.521237850189209,0.03215562924742699,Saxophone
c1948f24.wav,Saxophone,0.042005233466625214,0.3593163788318634,0.16116487979888916,0.007082534488290548,0.0008737168391235173,0.013638090342283249,1.2928039723192342e-05,0.997275139689445496,0.3599478006362915,0.02784007601439953,Saxophone
ac097834.wav,Saxophone,0.0060043781995773315,0.052001990377902985,0.15865664184093475,0.017551833763718605,0.00014300306793302298,0.011705371551215649,6.380250124493614e-05,0.981121143586933613,0.563041627407074,0.027361074462532997,Saxophone
4345851e.wav,Saxophone,0.006919677834957838,0.06028288975358009,0.06439439952373505,0.01282468345016241,9.98549148789607e-05,0.009890777058899403,2.6794576115207747e-05,0.997275139689445496,0.7571156620979309,0.01538325846195221,Saxophone
5d4f8187.wav,Saxophone,0.012826078571379185,0.18361757695674896,0.1856081634759903,0.010484598577022552,0.00034185705590061843,0.02755667269229889,4.1782172047533095e-05,0.981121143586933613,0.36753880977630615,0.019729748368263245,Saxophone
b83049f4.wav,Saxophone,0.019234253093600273,0.38363468647003174,0.08267350494861603,0.01232010219246149,0.0004183559212833643,0.0044334628619253635,1.1131655810459051e-05,0.02918265014886856,0.4103139340877533,0.05777806416153908,Violin_or_fiddle
c1c3c8b9.wav,Saxophone,0.01940944604575634,0.1821773499250412,0.16971884667873383,0.0171810295432806,0.0006091087125241756,0.01395684015005827,4.0226077544502914e-05,0.05277513340115547,0.46048492193222046,0.08364707231521606,Snare_drum
78a86075.wav,Saxophone,0.009257261641323566,0.05698961019515991,0.15690916776657104,0.025356121361255646,0.0002174086548620835,0.0197166595607996,5.822491948492825e-05,0.11884958297014236,0.595334529876709,0.017311489209532738,Saxophone
f0d315bc.wav,Saxophone,0.010852244682610035,0.06979163736104965,0.10713765770196915,0.015211854130029678,0.00027966784546151757,0.014541644603013992,6.865924660814926e-05,0.10887794941663742,0.6280291080474854,0.895164325,Saxophone
9c0838c1.wav,Saxophone,0.007855046540498734,0.03648463636636734,0.08142759650945663,0.015509707853198051,0.0001259580603800714,0.0175924189388752,4.645605440600775e-05,0.08602633327245712,0.7289133071899414,0.946018550619482994,Saxophone
d6144e01.wav,Violin_or_fiddle,0.029989171773195267,0.45207762718200684,0.24895811080932617,0.011303169652819633,0.0026678014546632767,0.02013421431183815,1.7282200133195147e-05,0.06172524765133858,0.14733555912971497,0.995791773572564125,Violin_or_fiddle
cfb9c5fd.wav,Violin_or_fiddle,0.014699970372021198,0.3067988157272339,0.1304759532213211,0.0085846446454525,0.0008189766085706651,0.021081941202282906,6.514332199003547e-05,0.06090640276670456,0.4166153073310852,0.969952803403139114,Violin_or_fiddle
c6865306.wav,Violin_or_fiddle,0.017751123756170273,0.10516025125980377,0.13542084395885468,0.014416714198887348,0.0005295486771501601,0.022735698148608208,0.00010415651195216924,0.06749089807271957,0.5791881680488586,0.557202596217393875,Violin_or_fiddle
642aba58.wav,Violin_or_fiddle,0.008783183991909027,0.05941638723015785,0.0798637866973877,0.01245550625026226,0.00019847124349325895,0.013592788018286228,4.4750609959010035e-05,0.03825921565294266,0.7321463823318481,0.955239491164684296,Violin_or_fiddle
848faca3.wav,Violin_or_fiddle,0.022521400824189186,0.7812239527702332,0.07990454137325287,0.0021201183553785086,0.0012942453613504767,0.0027614079881459475,2.0505838165263413e-06,0.01885623298585415,0.08991244435310364,0.9714035890344530344,Violin_or_fiddle
7eb9dac0.wav,Violin_or_fiddle,0.02823776565492153,0.5260336995124817,0.16458946466445923,0.005948023870587349,0.001622122130356729,0.01701638661324978,1.8046514014713466e-05,0.033622294664382935,0.2070426046848297,0.99586943306028843,Violin_or_fiddle
8d7d7dba.wav,Violin_or_fiddle,0.012169839814305305,0.04905989393591881,0.15719908475875854,0.019299855455756187,0.00023309960670303553,0.028299471363425255,0.00011177975102327764,0.19591335952281952,0.5019538402557373,0.557202596217393875,Violin_or_fiddle
2424ad60.wav,Violin_or_fiddle,0.03322963789105415,0.11261355131864548,0.08108457177877426,0.009961194358766079,0.00048658446758054197,0.016218025237321854,5.151772347744554e-05,0.061003152281045914,0.6415183544158936,0.955239491164684296,Violin_or_fiddle
ba648ac1.wav,Violin_or_fiddle,0.03162425383925438,0.4923991858959198,0.08274854719638824,0.0055657485499978065,0.0004766465281136334,0.0054558818228542805,9.979748028854374e-06,0.025191904976963997,0.33656761050224304,0.9714035890344530344,Violin_or_fiddle
2e4a9850.wav,Violin_or_fiddle,0.022717682644724846,0.1776483803987503,0.20289307832717896,0.01997171901166439,0.0014067568117752671,0.02168131433427334,8.604115282651037e-05,0.04376732558012009,0.2711819112300873,0.99586943306028843,Violin_or_fiddle
2cc8683d.wav,Violin_or_fiddle,0.031234396621584892,0.6570983529090881,0.15511232614517212,0.004138773772865534,0.002038926351815462,0.008319930173456669,1.480085848015733e-05,0.026799578219652176,0.1004803329706192,0.557202596217393875,Violin_or_fiddle
7b6a119e.wav,Violin_or_fiddle,0.025460826233029366,0.7843465805053711,0.11528066545724869,0.0030723102390766144,0.0023880384396761656,0.004424771759659052,4.770118721353356e-06,0.015392015688121319,0.04339224472641945,0.955239491164684296,Violin_or_fiddle
68589f79.wav,Violin_or_fiddle,0.022572960704565048,0.8215441703796387,0.06867603957653046,0.0023239227011799812,0.0010143904946744442,0.002962063532322645,1.651951379244565e-06,0.009910447522997856,0.06670695543289185,0.9714035890344530344,Bass_drum
fec00143.wav,Violin_or_fiddle,0.0314476415514946,0.7170983552932739,0.1276669055223465,0.00284749292768538,0.0015391918132081628,0.0073944260366261005,6.658724487351719e-06,0.013800698332488537,0.09023183584213257,0.99586943306028843,Violin_or_fiddle
1b24c166.wav,Violin_or_fiddle,0.03761608153581619,0.503048837184906,0.1515594869852066,0.008651417680084705,0.001400582492351532,0.008915874175727367,2.432016481179744e-05,0.059755317866802216,0.16801106929779053,0.557202596217393875,Violin_or_fiddle
6eb59008.wav,Violin_or_fiddle,0.030878473073244095,0.6610517501831055,0.11493746936321259,0.005271795205771923,0.0009275359334424138,0.005053125321865082,4.705716037278762e-06,0.02265349216759205,0.15289680659770966,0.955239491164684296,Violin_or_fiddle
0e7cd4eb.wav,Violin_or_fiddle,0.007625135593116283,0.09356299042701721,0.04241041839122772,0.007507615722715855,0.00014140874554868788,0.0081154340878129,1.4519270735036116e-05,0.08031273633241653,0.7397050261497498,0.020604560151696205,Violin_or_fiddle
56e79c6f.wav,Violin_or_fiddle,0.035104550421237946,0.29262128472328186,0.21784467995166779,0.018909186124801636,0.001592146116308868,0.031498853117227554,0.00023483845870941877,0.04072906821966171,0.29848983883857727,0.06297554820775986,Violin_or_fiddle
cdc5fe8e.wav,Violin_or_fiddle,0.0205985140055418,0.1737537831068039,0.09910882264375687,0.007693248335272074,0.0003740165557246655,0.017273196950554848,3.055240449612029e-05,0.013118344359099865,0.6319233179092407,0.036126162856817245,Violin_or_fiddle
b38409bb.wav,Violin_or_fiddle,0.02015957608819008,0.5010773539543152,0.11604414880275726,0.00584008451551199,0.0013339448487386107,0.013566127978265285,8.424420229857787e-06,0.007651890628039837,0.31887558102607727,0.015442808158695698,Violin_or_fiddle
c8c117dc.wav,Violin_or_fiddle,0.017141660675406456,0.48393338918685913,0.07518024742603302,0.007317363750189543,0.00038793880958110094,0.009101880714297295,1.3603878869616892e-05,0.028132658451795578,0.35896795988082886,0.01982332579791546,Violin_or_fiddle
b73c3595.wav,Violin_or_fiddle,0.023134559392929077,0.31286710500717163,0.20483633875846863,0.011645719408988953,0.0029415045864880085,0.027976710349321365,3.0194627470336854e-05,0.07820271700620651,0.3229171633720398,0.015447892248630524,Violin_or_fiddle
d84c8c43.wav,Violin_or_fiddle,0.028650274500250816,0.616967499256134,0.18192294239997864,0.006740276701748371,0.0032411841675639153,0.009514017961919308,1.8578324670670554e-05,0.03409547731280327,0.10782208293676376,0.011027654632925987,Violin_or_fiddle
d914225a.wav,Violin_or_fiddle,0.01972912810742855,0.2989899516105652,0.07728902250528336,0.012990741059184074,0.00026492233155295253,0.009003816172480583,4.747213824884966e-05,0.027189526706933975,0.5082653760910034,0.04623005539178848,Violin_or_fiddle
1148986e.wav,Violin_or_fiddle,0.008458719588816166,0.07978919893503189,0.08739611506462097,0.01851382851600647,8.105748565867543e-05,0.0031123182270675898,3.8651141949230805e-06,0.20982713997364044,0.5874778628349304,0.005339853465557098,Violin_or_fiddle
e3f479f3.wav,Violin_or_fiddle,0.03595691919326782,0.33567002415657043,0.2091347724199295,0.016203131526708603,0.001819624681957066,0.025218170136213303,0.00014601420843973756,0.03508562594652176,0.2805757224559784,0.06018989160656929,Violin_or_fiddle
aab28420.wav,Violin_or_fiddle,0.03559575602412224,0.7818260192871094,0.10646534711122513,0.002502968767657876,0.0015152029227465391,0.0038350196555256844,3.161026825182489e-06,0.010907427407801151,0.05279482901096344,0.0045543573796749115,Violin_or_fiddle
21346775.wav,Violin_or_fiddle,0.020471123978495598,0.5823085308074951,0.060719624161720276,0.0023801266215741634,0.0005040702526457608,0.009099100716412067,1.7422071323380806e-05,0.02991437166929245,0.2825411856174469,0.012044471688568592,Violin_or_fiddle
cdeece57.wav,Violin_or_fiddle,0.017317047342658043,0.10083290189504623,0.1775478571653366,0.01922384835779667,0.0006538266316056252,0.0330345444381237,0.00018834343063645065,0.06966928392648697,0.4745766222476959,0.10695569217205048,Violin_or_fiddle
c9fb642d.wav,Violin_or_fiddle,0.015091057866811752,0.44467630982398987,0.049266550689935684,0.004189862869679928,0.0004319428699091077,0.003657745197415352,7.957705747685395e-06,0.02085253782570362,0.434793084859848,0.027032965794205666,Violin_or_fiddle
078f7ac0.wav,Hi-hat,0.03665759414434433,0.4096026122570038,0.2511802613735199,0.007789245340973139,0.002082928316667676,0.02309807948768139,2.6766354494611733e-05,0.05499311909079552,0.1883396953344345,0.026229770854115486,Hi-hat
e897db78.wav,Hi-hat,0.018563324585556984,0.4383770227432251,0.19882291555404663,0.00837388914078474,0.0014346595853567123,0.015068585984408855,2.677538213902153e-05,0.072980135679245,0.21048259735107422,0.03587011247873306,Hi-hat
b31ed1fb.wav,Hi-hat,0.014571301639080048,0.2109375,0.2654430866241455,0.015870092436671257,0.0014013086911290884,0.04275986924767494,0.00012239997158758342,0.08192874491214752,0.2772890329360962,0.08967666327953339,Snare_drum
06c48eab.wav,Hi-hat,0.012334313243627548,0.1548171192407608,0.19463947415351868,0.017754577100276947,0.0007882395293563604,0.04244331642985344,8.014712511794642e-05,0.1493465006351471,0.38546130061149597,0.04233502969145775,Hi-hat
2503aaa1.wav,Hi-hat,0.03083185665309429,0.42782121896743774,0.19563646614551544,0.006421064957976341,0.001476792967878282,0.019842693582177162,1.8685235772863962e-05,0.054909732192754745,0.2365698218345642,0.026471616700291634,Hi-hat
3d3439f1.wav,Hi-hat,0.043808721005916595,0.18842482566833496,0.1998538076877594,0.00970559660345316,0.000784141942858696,0.02183820679783821,1.8733857359620742e-05,0.12896765768527985,0.38957151770591736,0.017026789486408234,Hi-hat
34a90030.wav,Hi-hat,0.03564002364873886,0.4966108798980713,0.25110211968421936,0.005135837476700544,0.002758317394182086,0.024441838264465332,4.4493379391497e-05,0.0373917780816555,0.12472179532051086,0.022152874618768692,Bass_drum
da4b0379.wav,Hi-hat,0.013498981483280659,0.3296704888343811,0.24873153865337372,0.009041761979460716,0.002144217025488615,0.005926919169723988,1.7521231711725704e-05,0.15564987063407898,0.2035997211933136,0.03171899542212486,Hi-hat
a090c45a.wav,Hi-hat,0.013448911719024181,0.6438466906547546,0.13176175951957703,0.0074579305946826935,0.0010975856566801667,0.006333967205137014,5.888887699256884e-06,0.07165893167257309,0.11033526808023453,0.014053073711693287,Hi-hat
41897c32.wav,Hi-hat,0.029800549149513245,0.4532235562801361,0.2344847470521927,0.006883705500513315,0.002475305460393429,0.02029651589691639,2.3525826691184193e-05,0.0413956344127655,0.18304933607578278,0.028367122635245323,Hi-hat
2032be87.wav,Hi-hat,0.04304421693086624,0.5201869606971741,0.230817973613739,0.007382335141301155,0.002071536611765623,0.015350248664617538,1.5302128304028884e-05,0.040500540286302567,0.10485201328992844,0.035778872668743134,Hi-hat
73677128.wav,Hi-hat,0.034931786358356476,0.5310672521591187,0.21377582848072052,0.005366682540625334,0.001621901523321867,0.016940301284193993,1.2952750694239512e-05,0.04827585443854332,0.13527841866016388,0.012728957459330559,Hi-hat
c53a217e.wav,Hi-hat,0.030510887503623962,0.39726343750953674,0.2646344006061554,0.008427302353084087,0.0018659175839275122,0.030762070789933205,4.204393917461857e-05,0.06783456355333328,0.1801331788301468,0.018526284024119377,Hi-hat
f0dfe343.wav,Hi-hat,0.029432781040668488,0.4886980950832367,0.15892647206783295,0.005660086404532194,0.0012397621758282185,0.022200874984264374,1.3770821169600822e-05,0.01994740031659603,0.26101142168045044,0.012869340367615223,Bass_drum
0ed06544.wav,Hi-hat,0.042021509259939194,0.4594419002532959,0.21356768906116486,0.005724122282117605,0.0021089024376124144,0.023035554215312004,2.8060470867785625e-05,0.03103748708963394,0.20577634871006012,0.017258353531360626,Hi-hat
99c96a07.wav,Hi-hat,0.031671781092882156,0.47994136810302734,0.16289031505584717,0.003948961850255728,0.0017242521280422807,0.023270078003406525,1.5649562556063756e-05,0.01126547809690237,0.27908650040626526,0.006185577716678381,Hi-hat
3a3d0279.wav,Hi-hat,0.013102921657264233,0.4317587912082672,0.21210350096225739,0.005037705879658461,0.0010121947852894664,0.01757175289094448,5.130513818585314e-05,0.09270664304494858,0.19787895679473877,0.028776206076145172,Hi-hat
612702c3.wav,Hi-hat,0.044542472809553146,0.5861045718193054,0.20815271139144897,0.0038740879390388727,0.002535534091293812,0.01405720878392458,7.510788691433845e-06,0.036666661500930786,0.0970095545053482,0.007049775216728449,Hi-hat
d6854eb4.wav,Hi-hat,0.04338497295975685,0.3004010319709778,0.22194671630859375,0.01202933769673109,0.0015251272125169635,0.03793572261929512,5.763528315583244e-05,0.02739826776087284,0.28555387258529663,0.06976726651191711,Hi-hat
52300f9b.wav,Hi-hat,0.03408776596188545,0.4990749657154083,0.19036191701889038,0.007994676940143108,0.0017621952574700117,0.018793191760778427,2.036248770309612e-05,0.031113779172301292,0.18224813044071198,0.034542981535196304,Hi-hat
09a1cfd7.wav,Hi-hat,0.03218097984790802,0.40391507744789124,0.2431400567293167,0.00628512492403388,0.0015754452906548977,0.01036576833575964,1.1729426660167519e-05,0.0900992751121521,0.2018030881881714,0.010623396374285221,Hi-hat
3aafb6ad.wav,Hi-hat,0.016402799636125565,0.18326449394226074,0.2061396986246109,0.014095380902290344,0.0015849010087549686,0.0552624948322773,0.00013671733904629946,0.08849992603063583,0.3655800521373749,0.06903357803821564,Hi-hat
493c247b.wav,Hi-hat,0.03362153097987175,0.46023085713386536,0.2227252870798111,0.006726451683789492,0.0018840631237253547,0.024804797023534775,2.0722511180792935e-05,0.032690078020095825,0.19301454722881317,0.024281634017825127,Hi-hat
5ec7ad26.wav,Hi-hat,0.018089722841978073,0.4478210508823395,0.2373712807893753,0.01121132355183363,0.0023515112698078156,0.02236734703183174,3.9743528759572655e-05,0.09927259385585785,0.12746742367744446,0.0340079665184021,Hi-hat
a1b369d7.wav,Hi-hat,0.030985858291387558,0.4328264594078064,0.15642453730106354,0.0032906695269048214,0.0019403767073526978,0.02337200753390789,2.7500564101501368e-05,0.02658439241349697,0.3156956434249878,0.008852554485201836,Hi-hat
8cd809d3.wav,Hi-hat,0.014247331768274307,0.178529292345047,0.2373276650905609,0.016479700803756714,0.0019794416148215532,0.04804036021232605,9.475222759647295e-05,0.10085740685462952,0.32044023275375366,0.08200377970933914,Snare_drum
aed9d22f.wav,Hi-hat,0.043617114424705505,0.44805631041526794,0.25587230920791626,0.0075004808604717255,0.002318410202860832,0.026414744555950165,3.40943515766412e-05,0.03143619745969772,0.16262544691562653,0.02212481200695038,Hi-hat
a7964699.wav,Hi-hat,0.017715411260724068,0.21253399550914764,0.2663668096065521,0.01690160669386387,0.0016707759350538254,0.057297613471746445,0.0001305247424170375,0.09850924462080002,0.2654905915260315,0.06338329613208771,Hi-hat
da3f8050.wav,Hi-hat,0.03547177091240883,0.4402928650379181,0.23275910317897797,0.008195704780519009,0.0015594193246215582,0.020346365869045258,2.931909511971753e-05,0.05411973223090172,0.17748016119003296,0.029745617881417274,Hi-hat
468f9c4c.wav,Hi-hat,0.032675303518772125,0.7588214874267578,0.08256229013204575,0.0029430678114295006,0.0007986279670149088,0.0057458290830254555,5.312050689099124e-06,0.008852262049913406,0.09738898277282715,0.010206770151853561,Bass_drum
229be2be.wav,Snare_drum,0.0067168790847063065,0.04165630042552948,0.13622865080833435,0.022192321717739105,0.0002822481619659811,0.04194413125514984,0.00016580166993662715,0.19945679605007172,0.4966184198856354,0.05473838001489639,Snare_drum
b6cbc6a9.wav,Snare_drum,0.00936935842037201,0.057679999619722366,0.27493393421173096,0.019380206242203712,0.0005343598313629627,0.1086028665304184,0.00017307334928773344,0.10959067195653915,0.3097134530544281,0.11002208292484283,Snare_drum
ae7d1c37.wav,Snare_drum,0.0067771077156066895,0.06135014444589615,0.054889749735593796,0.006563316099345684,0.00011429766891524196,0.011486094444990158,1.700249958958011e-05,0.08505849540233612,0.7574509382247925,0.016292810440063477,Snare_drum
82d4fb44.wav,Snare_drum,0.009228850714862347,0.04581724852323532,0.07983503490686417,0.011269155889749527,0.0001541299425298348,0.013593380339443684,3.9948339690454304e-05,0.10731207579374313,0.712627112865448,0.020123055204749107,Snare_drum
4c590f69.wav,Snare_drum,0.0074750930070877075,0.028047114610671997,0.20826344192028046,0.006287797819823027,0.0004139908996876329,0.13809868693351746,0.0002978588454425335,0.14722025394439697,0.4347935914993286,0.02910216525197029,Snare_drum
1c9a423f.wav,Snare_drum,0.016994832083582878,0.2581861615180969,0.23453979194164276,0.012617109343409538,0.001597056514583528,0.006498151924461126,2.0446334019652568e-05,0.12627148628234863,0.24605754017829895,0.09721743315458298,Bass_drum
f0727eac.wav,Snare_drum,0.00797407329082489,0.042592260986566544,0.18324343860149384,0.01407420914620161,0.000839996908325702,0.05329165980219841,0.00024540131562389433,0.1311834305524826,0.45930740237236023,0.10724817961454391,Snare_drum
31db8c5e.wav,Snare_drum,0.004238440189510584,0.12848924100399017,0.035198863595724106,0.007527496200054884,0.00017058156663551927,0.006845712661743164,1.4137819562165532e-05,0.1263228952884674,0.686838686466217,0.004353984259068966,Snare_drum
b86b5a96.wav,Snare_drum,0.004431920126080513,0.013469703495502472,0.03782661259174347,0.006767225451767445,6.0370595747372136e-05,0.01434566080570221,3.788092726608738e-05,0.0373300164937973,0.8631649613380432,0.02256566286087036,Snare_drum
6fca680b.wav,Snare_drum,0.005578155163675547,0.029603594914078712,0.06149214878678322,0.005068160127848387,7.359550363617018e-05,0.015360510908067226,2.1215293600107543e-05,0.07783713191747665,0.7961791157722473,0.008786393329501152,Snare_drum
1bc8eae1.wav,Snare_drum,0.004450011532753706,0.013095671311020851,0.06411319226026535,0.005881820805370808,8.950293704401702e-05,0.019120099022984505,7.13806293788366e-05,0.11745669692754745,0.7600963711738586,0.015625111758708954,Snare_drum
46b52f97.wav,Snare_drum,0.020746935158967972,0.33253541588783264,0.1497384011745453,0.011422532610595226,0.0008162744343280792,0.030040889978408813,5.67320930713322e-05,0.09964960068464279,0.3393000662326813,0.015693163499236107,Snare_drum
0c67f402.wav,Snare_drum,0.00966065563261509,0.0690547525882721,0.08260663598775864,0.009537287056446075,0.00018998252926394343,0.019421447068452835,4.6537672460544854e-05,0.11034408956766129,0.6813765168190002,0.01776215061545372,Snare_drum
c8ecbbfd.wav,Snare_drum,0.006666247267276049,0.005168648902326822,0.023292815312743187,0.007632450666278601,6.13083248026669e-05,0.010616960935294628,1.1015082236554008e-05,0.011379513889551163,0.8949907422065735,0.04018031805753708,Snare_drum
9f84ea5a.wav,Snare_drum,0.006459428928792477,0.2410895824432373,0.04596536606550217,0.01332070678472519,0.00018109277880284935,0.0038523210678249598,3.2250948152068304e-06,0.1516990065574646,0.5322500467300415,0.005179202184081078,Snare_drum
e4958adc.wav,Snare_drum,0.008679904974997044,0.06831720471382141,0.08369425684213638,0.010033859871327877,0.0001686696195974946,0.0179354976862669,2.8671958716586232e-05,0.10972262173891068,0.6771502494812012,0.0242689810693264,Snare_drum
5ce40b1b.wav,Snare_drum,0.005513729993253946,0.03116138093173504,0.0630725622177124,0.010162138380110264,8.912204793887213e-05,0.011039434000849724,2.526424032112118e-05,0.11874636262655258,0.7477737665176392,0.012416313402354717,Snare_drum
9d308738.wav,Snare_drum,0.007313908077776432,0.01303834281861782,0.14190885424613953,0.019368883222341537,0.000143948316690512,0.02562590129673481,9.965339995687827e-05,0.10624243319034576,0.6581023931503296,0.028155749663710594,Snare_drum
1e3391d5.wav,Snare_drum,0.009413488209247589,0.09242433309555054,0.07922185957431793,0.013618748635053635,0.0002390686859143898,0.022236818447709084,4.2006344301626086e-05,0.10065671801567078,0.6651641130447388,0.01698283478617668,Snare_drum
ff3f21e7.wav,Snare_drum,0.007079341448843479,0.03754046931862831,0.052279625087976456,0.00910811498761177,0.00011486278526717797,0.01595720835030079,2.6065237761940807e-05,0.07051905989646912,0.7915064692497253,0.015868911519646645,Snare_drum
b68f10af.wav,Snare_drum,0.007767847273498774,0.03066188655793667,0.06693556904792786,0.009909932501614094,0.0001356925640720874,0.03529723733663559,7.154493505368009e-05,0.09230505675077438,0.7368627786636353,0.020052466541528702,Snare_drum
e8e00924.wav,Snare_drum,0.009372295811772346,0.04389461502432823,0.07312487065792084,0.00859921146184206,0.0002700634940993041,0.019107850268483162,5.0591726903803647e-05,0.018937885761260986,0.805149257183075,0.0214934553951025,Snare_drum
22e1c02c.wav,Snare_drum,0.00392892537638545,0.019639858976006508,0.04752695560455322,0.008748172782361507,9.364346624352038e-05,0.034328095614910126,5.6532793678343296e-05,0.025582706555724144,0.8525910973548889,0.00750395841896534,Snare_drum
5c33d972.wav,Snare_drum,0.016389179974794388,0.6549590229988098,0.08510507643222809,0.002466462552547455,0.0005426089046522975,0.007752885576337576,8.619417712907307e-06,0.021694649010896683,0.2080293893814087,0.003052165498957038,Bass_drum
9320c55f.wav,Snare_drum,0.026028849184513092,0.5269582867622375,0.07126934081315994,0.005605136975646019,0.0005760035710409284,0.006132485345005989,8.048624295042828e-06,0.013947929255664349,0.31855615973472595,0.030917782336473465,Bass_drum
f1754aea.wav,Snare_drum,0.010763317346572876,0.13362349569797516,0.06707976758480072,0.007558202371001244,0.0002454828645568341,0.0461917370557785,2.1240282876533456e-05,0.09256254881620407,0.6325180530548096,0.009436077438294888,Snare_drum
b218444c.wav,Snare_drum,0.0052294181659817696,0.01931670680642128,0.049544692039489746,0.009135552681982517,6.622367072850466e-05,0.016908487305045128,5.772610893473029e-05,0.04982132837176323,0.8333364129066467,0.016583429649472237,Snare_drum
36d06cc0.wav,Snare_drum,0.012498805299401283,0.03309563547372818,0.08832619339227676,0.003984056878834963,0.00011388794519007206,0.018302856013178825,2.3744176360196434e-05,0.04237512871623039,0.77426677942276,0.027012884616851807,Snare_drum
4c4d4797.wav,Snare_drum,0.023137008771300316,0.35821905732154846,0.19500507414340973,0.015540477819740772,0.0017828707350417972,0.013022706843912601,2.3795297238393687e-05,0.13549651205539703,0.242300882935524,0.015471586026251316,Bass_drum
cae0d841.wav,Snare_drum,0.013623903505504131,0.5136317610740662,0.15724018216133118,0.014826387166976929,0.0012020979775115848,0.0073603237979114056,4.12747758673504e-05,0.11869195848703384,0.1506287008523941,0.0227534007281065,Bass_drum
17f82c05.wav,Acoustic_guitar,0.01479453407227993,0.7050817012786865,0.027459925040602684,0.002317193429917097,0.0002471559855621308,0.0012684245593845844,5.449900868370605e-07,0.015666160732507706,0.2311457097530365,0.0020186500623822212,Acoustic_guitar
0eeaebcb.wav,Acoustic_guitar,0.0077657015062868595,0.03852078691124916,0.05556082725524902,0.010934769175946712,8.560822607250884e-05,0.011599716730415821,1.891960528155323e-05,0.07597200572490692,0.7893973588943481,0.010144466534256935,Acoustic_guitar
e92bf0fa.wav,Acoustic_guitar,0.011845589615404606,0.15362727642059326,0.0408625453710556,0.0070604607462882996,0.00011264024215051904,0.004511877428740263,4.915601948596304e-06,0.02668921835720539,0.7402987480163574,0.014986740425229073,Acoustic_guitar
10da16fb.wav,Acoustic_guitar,0.010637571103870869,0.18706797063350677,0.020736170932650566,0.003764980472624302,7.382514013443142e-05,0.0024049205239862204,1.3833916909788968e-06,0.009135875850915909,0.7619957327842712,0.0041813901625573635,Acoustic_guitar
a25423a8.wav,Acoustic_guitar,0.011832048185169697,0.9006481170654297,0.01986258663237095,0.0018622034694999456,0.0004299803404137492,0.0004805061034858227,1.626777930141543e-07,0.02727781981229782,0.036874085664749146,0.0007326509221456945,Acoustic_guitar
16c9a838.wav,Acoustic_guitar,0.014623764902353287,0.12802360951900482,0.07693136483430862,0.018850013613700867,0.00015862232248764485,0.005043006967753172,1.2729247828247026e-05,0.04715617746114731,0.6786094307899475,0.03059118613600731,Acoustic_guitar
70ca9c77.wav,Acoustic_guitar,0.014828482642769814,0.9170264005661011,0.021515920758247375,0.001191736781038344,0.00043671682942658663,0.0004982627579011023,5.806310809930437e-07,0.021783100441098213,0.02183534950017929,0.0008835835033096373,Acoustic_guitar
38216fad.wav,Acoustic_guitar,0.011310512199997902,0.7512840628623962,0.035735808312892914,0.002512935549020767,0.00039564439794048667,0.0018795500509440899,1.102039277611766e-06,0.03172813355922699,0.16155265271663666,0.0035995354410260916,Acoustic_guitar
d8a257e5.wav,Acoustic_guitar,0.017342746257781982,0.09615805000066757,0.04927150160074234,0.007880304008722305,0.00015020350110717118,0.005062320735305548,5.489754585141782e-06,0.09611731767654419,0.724943220615387,0.0030688210390508175,Acoustic_guitar
7506dcc4.wav,Acoustic_guitar,0.031389471143484116,0.8180395364761353,0.059918880462646484,0.001996136736124754,0.0009147765813395381,0.0018010643543675542,1.1762490430555772e-06,0.016481759026646614,0.06586775183677673,0.003589467378333211,Acoustic_guitar
a6728901.wav,Acoustic_guitar,0.05516187101602554,0.46682530641555786,0.17375855147838593,0.00908602774143219,0.0013284622691571712,0.008607032708823681,2.1808567908010446e-05,0.021296516060829163,0.21049681305885315,0.053417645394802094,Acoustic_guitar
b88322f6.wav,Acoustic_guitar,0.017986513674259186,0.17144523561000824,0.21357764303684235,0.025239767506718636,0.0005426398711279035,0.006499283015727997,5.3772269893670455e-05,0.06309191137552261,0.42863723635673523,0.07292600721120834,Acoustic_guitar
35039ae1.wav,Acoustic_guitar,0.010619090870022774,0.12496524304151535,0.05424921587109566,0.0076075950637459755,0.0001022458600345999,0.014512487687170506,2.6730396712082438e-05,0.0337987095117569,0.7399142384529114,0.014204331673681736,Acoustic_guitar
236cbab1.wav,Acoustic_guitar,0.013153697364032269,0.6459892988204956,0.10409686714410782,0.007043414283543825,0.001086910837329924,0.0063773165456950665,7.105273198249051e-06,0.13732843101024628,0.08113622665405273,0.003780827159062028,Acoustic_guitar
0356dec7.wav,Acoustic_guitar,0.020435869693756104,0.33962947130203247,0.0627957358956337,0.008344637230038643,0.00027350246091373265,0.004455960355699062,8.946252819441725e-06,0.022188831120729446,0.5313583612442017,0.01050888653844595,Acoustic_guitar
bb1f5874.wav,Acoustic_guitar,0.0194126907736063,0.4888710677623749,0.031106997281312943,0.002462787553668022,0.0002201587922172621,0.003720678621903062,2.532488224460394e-06,0.010229213163256645,0.4373501241207123,0.006623784080147743,Acoustic_guitar
34747922.wav,Acoustic_guitar,0.013058299198746681,0.07142988592386246,0.173723503947258,0.020955311134457588,0.00021802913397550583,0.015599071979522705,0.00011470625759102404,0.06558997929096222,0.6086499094963074,0.03066127561032772,Acoustic_guitar
44fb3eeb.wav,Acoustic_guitar,0.029925398528575897,0.46940070390701294,0.12745897471904755,0.010345576331019402,0.0009754489874467254,0.008469691500067711,1.890101339085959e-05,0.021161053329706192,0.2738596200942993,0.05838465318083763,Acoustic_guitar
367ad7b1.wav,Acoustic_guitar,0.01285895798355341,0.5669052600860596,0.040236469358205795,0.004728280007839203,0.0003040402370970696,0.0034300945699214935,2.002385599553236e-06,0.034789055585861206,0.32174190878868103,0.015003918670117855,Acoustic_guitar
160c92d7.wav,Acoustic_guitar,0.008693473413586617,0.08266210556030273,0.024341709911823273,0.004085269290953875,5.684907955583185e-05,0.0027943826280534267,2.04696925720782e-06,0.014742657542228699,0.8581167459487915,0.004504891578108072,Acoustic_guitar
2016d256.wav,Acoustic_guitar,0.028201881796121597,0.7966968417167664,0.07969005405902863,0.004873217549175024,0.001076564542017877,0.0032060774974524975,6.81592564433231e-06,0.027515456080436707,0.052836377173662186,0.005896666087210178,Acoustic_guitar
fc55d588.wav,Acoustic_guitar,0.007846144959330559,0.14253032207489014,0.038299188017845154,0.007407729979604483,0.00017343362560495734,0.007419137749820948,5.31331079400843e-06,0.07846211642026901,0.7009793519973755,0.016877315938472748,Acoustic_guitar
c7846d27.wav,Acoustic_guitar,0.02818281017243862,0.2830645442008972,0.1781540811061859,0.014744057320058346,0.001394899794831872,0.018460571765899658,8.490293839713559e-05,0.04079839587211609,0.34609752893447876,0.08901820331811905,Acoustic_guitar
55822aae.wav,Acoustic_guitar,0.015773635357618332,0.3497406840324402,0.05188079550862312,0.007044398225843906,0.00017045767162926495,0.004297986626625061,3.5443013075564522e-06,0.0535559244453907,0.5119698643684387,0.005562803708016872,Acoustic_guitar
9923ddf8.wav,Acoustic_guitar,0.030526742339134216,0.6537677049636841,0.1377905309200287,0.004986323416233063,0.0013294684467837214,0.012173335999250412,9.470568329561502e-06,0.014089908450841904,0.13704951107501984,0.00827705767005682,Acoustic_guitar
32dee61b.wav,Acoustic_guitar,0.010997920297086239,0.8629401326179504,0.015836261212825775,0.0009870490757748485,0.0002682196500245482,0.0005450407043099403,2.2053781378872372e-07,0.006179627031087875,0.10164415091276169,0.0006013875245116651,Acoustic_guitar
fa4d4a92.wav,Acoustic_guitar,0.026447387412190437,0.7870991230010986,0.04011421278119087,0.005559270270168781,0.0004245014861226082,0.0009579673642292619,4.494015684031183e-07,0.06621329486370087,0.0706522986292839,0.002531466307118535,Acoustic_guitar
8da75280.wav,Acoustic_guitar,0.008936807513237,0.20964045822620392,0.06957770138978958,0.011290381662547588,0.00030798790976405144,0.009855682961642742,2.571498043835163e-05,0.2051013708114624,0.4749930799007416,0.010270877741277218,Acoustic_guitar
b2261238.wav,Acoustic_guitar,0.0040720924735069275,0.009462847374379635,0.01764499954879284,0.007419476751238108,2.7979889637208544e-05,0.004606099799275398,6.805287739553023e-06,0.038913946598768234,0.914637565612793,0.0032081448007375,Snare_drum
673defaf.wav,Acoustic_guitar,0.040921613574028015,0.30298441648483276,0.08065038174390793,0.010397067293524742,0.0005205407505854964,0.007092375308275223,1.703384259599261e-05,0.010821851901710033,0.48096445202827454,0.06563033908605576,Snare_drum
e6597186.wav,Double_bass,0.01611105538904667,0.6448546051979065,0.04528721049427986,0.0048696123994886875,0.0005128661869093776,0.00249790633097291,1.2019005453112186e-06,0.08494739234447479,0.1956864297389984,0.005231709685176611,Double_bass
fcfafbc8.wav,Double_bass,0.007814304903149605,0.9742806553840637,0.0084066865965724,0.00040104385698214173,0.0003450932272244245,8.048046584008262e-05,2.6778646855518673e-08,0.005693217273801565,0.002675730735063553,0.00030274258460849524,Double_bass
444f9db5.wav,Double_bass,0.0261001568287611,0.31186243891716003,0.15458819270133972,0.009104239754378796,0.000556758779566735,0.018218711018562317,2.9314964194782078e-05,0.02101525105535984,0.4301218092441559,0.02840307727456093,Double_bass
19893aa8.wav,Double_bass,0.011781306006014347,0.9618420004844666,0.012194227427244186,0.00043113421997986734,0.0005293027497828007,0.00014469798770733178,7.35550784725092e-08,0.01048631314188242,0.0023978576064109802,0.00019302539294585586,Double_bass
f042282c.wav,Double_bass,0.020692287012934685,0.6799222826957703,0.030127491801977158,0.002941733691841364,0.00037482951302081347,0.0014464776031672955,6.475812028838845e-07,0.015331818722188473,0.24820652604103088,0.0009558774763718247,Double_bass
95e1d0ae.wav,Double_bass,0.008528643287718296,0.9418969750404358,0.017966313287615776,0.0009218271588906646,0.000682939076796174,0.0004379495803732425,7.007149633864174e-07,0.02460314892232418,0.003948691301047802,0.001012875116430223,Double_bass
595c191d.wav,Double_bass,0.021117350086569786,0.6951823234558105,0.04976096749305725,0.003304691519588232,0.00040194246685132384,0.0027575776912271976,1.8638030496731517e-06,0.01788901723921299,0.2026825100183487,0.006901610642671585,Double_bass
8073923c.wav,Double_bass,0.0085283312946558,0.25154900550842285,0.05553951859474182,0.0077169486321508884,0.0003264003898948431,0.0075789946131408215,1.1728760910045821e-05,0.1472071409225464,0.5133330225944519,0.008208886720240116,Double_bass
6efbaf90.wav,Double_bass,0.014656832441687584,0.9535977244377136,0.009974697604775429,0.0005557897384278476,0.0006310011958703399,0.0001407051895512268,6.177014455488461e-08,0.010934393852949142,0.009235594421625137,0.00027321415836922824,Double_bass
642ad7e4.wav,Double_bass,0.011839518323540688,0.8165257573127747,0.02422710694372654,0.0030548768118023872,0.00029661026201210916,0.0013007803354412317,1.0361911790823797e-06,0.04625030979514122,0.09336081147193909,0.003143151756376028,Double_bass
5eadbc6d.wav,Double_bass,0.017241720110177994,0.7762239575386047,0.04426610842347145,0.004245691001415253,0.0003799817059189081,0.00091608299408108,1.9088474800810218e-06,0.042343877255916595,0.11200810223817825,0.002372568007558584,Double_bass
1a7d3f2d.wav,Double_bass,0.013441670686006546,0.6948736906051636,0.05343186855316162,0.0061966367065906525,0.0005150213255546987,0.0015568506205454469,1.2717396202788223e-06,0.08334638923406601,0.14117728173732758,0.005459293257445097,Double_bass
13da16ae.wav,Double_bass,0.012553403154015541,0.9418358206748962,0.008254270069301128,0.0004645542649086565,0.00031154899625107646,0.00012967341172043234,4.3942780081351884e-08,0.005843076389282942,0.030386202037334442,0.00022156508930493146,Double_bass
103f29e5.wav,Double_bass,0.010204033926129341,0.14180341362953186,0.08123461902141571,0.009348730556666851,0.0001708242780296132,0.007959236390888691,1.4430845112656243e-05,0.07120134681463242,0.6597315073013306,0.018331680446863174,Double_bass
da8ea649.wav,Double_bass,0.0047098128125071526,0.986970841884613,0.003900843905285001,0.00018713636382017285,0.0005128724733367562,3.117918822681531e-05,2.4223611561069447e-08,0.00276637589558959,0.0008106872555799782,0.00011021388490917161,Double_bass
ca348cbb.wav,Double_bass,0.00873118918389082,0.9442404508590698,0.018592769280076027,0.0011849376605823636,0.0006424820167012513,0.00016824915655888617,1.0887957557770278e-07,0.02029704675078392,0.005254631396383047,0.0008880918030627072,Double_bass
8ce2e863.wav,Double_bass,0.010598707012832165,0.966305673122406,0.011105873622000217,0.0005218592705205083,0.0004546994168777019,0.00012907310156151652,7.859681261379592e-08,0.005700786132365465,0.00490328436717391,0.00027990477974526584,Double_bass
462b676f.wav,Double_bass,0.024369021877646446,0.8020138144493103,0.03376123309135437,0.0024784391280263662,0.0004935942124575377,0.001180846942588687,9.7078384442284e-07,0.03697928786277771,0.09432069212198257,0.004402141086757183,Double_bass
b428466c.wav,Double_bass,0.009071140550076962,0.9304807186126709,0.01801968365907669,0.0006800976698286831,0.00030635137227363884,0.0006239892682060599,2.493072202014446e-07,0.00743549270555377,0.032808005809783936,0.0005742571665905416,Double_bass
4fd883bb.wav,Double_bass,0.028303097933530807,0.7528243660926819,0.02664029598236084,0.004951407201588154,0.00031440635211765766,0.000805444666184485,1.451880393688043e-07,0.05489590764045715,0.12993982434272766,0.001325153512880206,Double_bass
2ac8b94f.wav,Double_bass,0.01163612212985754,0.15559802949428558,0.058712415397167206,0.005423128604888916,0.0001497594203101471,0.007550795562565327,6.727092568326043e-06,0.03295476362109184,0.7093460559844971,0.01862219348549843,Double_bass
c840804f.wav,Double_bass,0.007314037065953016,0.9389918446540833,0.019864236935973167,0.001045170589350164,0.00047723855823278427,0.0003851955698337406,1.7344918035178125e-07,0.01608298346400261,0.014364590868353844,0.0014744412619620562,Double_bass
f63f3703.wav,Double_bass,0.007304065860807896,0.959282636642456,0.011646056547760963,0.0007312577799893916,0.0006125932559370995,8.741155761526898e-05,2.342895726314964e-07,0.01842937245965004,0.0015963449841365218,0.0003100738686043769,Double_bass
c0ddf010.wav,Double_bass,0.011176218278706074,0.9559667706489563,0.017534742131829262,0.0005640806630253792,0.0006593986763618886,0.00032755197025835514,2.252378834555202e-07,0.008446074090898037,0.004966320935636759,0.0003585203958209604,Double_bass
a0cbe92e.wav,Double_bass,0.01653539016842842,0.9114167094230652,0.0158919095993042,0.0011286517838016152,0.0003474608820397407,0.0003822777944151312,1.5794765317878046e-07,0.006744701415300369,0.04691852256655693,0.0006341445841826499,Double_bass
4fb480bf.wav,Double_bass,0.00616026483476162,0.9692155718803406,0.00921355839818716,0.0006325062131509185,0.0011012171162292361,7.610112515976653e-05,8.143021545947704e-08,0.010304288007318974,0.002919069491326809,0.0003775244113057852,Double_bass
9dd0141c.wav,Double_bass,0.011234918609261513,0.18127647042274475,0.0566619411110878,0.009174679405987263,0.0001193745993077755,0.006067531183362007,4.482489657675615e-06,0.05708398297429085,0.6653032302856445,0.013073359616100788,Double_bass
deb87700.wav,Double_bass,0.028524992987513542,0.08560648560523987,0.06208646669983864,0.009753713384270668,0.00021165236830711365,0.006364621687680483,3.528681554598734e-05,0.23676572740077972,0.5486345887184143,0.022016441449522972,Double_bass
e0ecd1a6.wav,Double_bass,0.013145768083631992,0.6640852093696594,0.06525486707687378,0.01095348410308361,0.00041980468085967004,0.001569596235640347,2.7673738713929197e-06,0.12224508821964264,0.11357060074806213,0.008752833120524883,Double_bass
0286fc27.wav,Double_bass,0.011248493567109108,0.9500978589057922,0.019294392317533493,0.001377649256028235,0.0003476378624327481,0.00020377762848511338,3.306720941509411e-07,0.004951964132487774,0.011922298930585384,0.0005555814714170992,Double_bass
e2d993ec.wav,Cello,0.012231891974806786,0.20428547263145447,0.06523563712835312,0.007558466400951147,0.00021983952319715172,0.014830012805759907,3.2664029276929796e-05,0.0437408909201622,0.6234421730041504,0.028422830626368523,Cello
0091fc7f.wav,Cello,0.01121004018932581,0.16981709003448486,0.04471035301685333,0.009169753640890121,0.00021498066780623049,0.0052676997147500515,9.03394629858667e-06,0.08865706622600555,0.6612787842750549,0.009665191173553467,Cello
e55c5160.wav,Cello,0.005974734202027321,0.07986440509557724,0.0741594135761261,0.009024227038025856,8.440803503617644e-05,0.006668476387858391,5.0145896238973364e-05,0.08422825485467911,0.733227014541626,0.0067189401015639305,Cello
a59b5a08.wav,Cello,0.012906135059893131,0.9427409768104553,0.012480991892516613,0.0020573462825268507,0.00048754384624771774,0.00016620481619611382,1.310168045165483e-07,0.018380042165517807,0.010232086293399334,0.0005483910790644586,Cello
88500b88.wav,Cello,0.011922914534807205,0.05227716267108917,0.09100425988435745,0.010939653031527996,0.000153572837007232,0.03889235481619835,6.568150274688378e-05,0.08437264710664749,0.6825904846191406,0.0277812872081995,Cello
743ae0f9.wav,Cello,0.01080609392374754,0.4303578734397888,0.028732992708683014,0.00400178600102663,0.00039285386446863413,0.0032997659873217344,2.206546014349442e-06,0.033833082765340805,0.4850357174873352,0.0035375570878386497,Cello
9e3bc1b6.wav,Cello,0.01739852875471115,0.08453188836574554,0.07628795504570007,0.007849479094147682,0.0001346149801975116,0.00897955521941185,1.3036860764259472e-05,0.0792771503329277,0.714401125907898,0.011126833967864513,Cello
3e2bddda.wav,Cello,0.022228827700018883,0.15527506172657013,0.1407749354839325,0.011291847564280033,0.0007106898119673133,0.019038358703255653,9.37904478632845e-05,0.02472739666700363,0.5194544196128845,0.10640470683574677,Cello
d328db67.wav,Cello,0.008636601269245148,0.1517655849456787,0.03371462970972061,0.011153952218592167,0.00010891501733567566,0.002875587670132518,2.224253876192961e-06,0.06424685567617416,0.7239804267883301,0.0035151722840964794,Cello
7d896090.wav,Cello,0.0072860331274569035,0.08016546815633774,0.06438316404819489,0.007401219569146633,9.138029417954385e-05,0.0168153066188097,3.1086005037650466e-05,0.07852049171924591,0.733561098575592,0.011744649149477482,Cello
4bff8f32.wav,Cello,0.012464959174394608,0.6037709712982178,0.03936200961470604,0.0041410792618989944,0.0003092156257480383,0.0029417886398732662,1.2481157227739459e-06,0.0511457659304142,0.2818926274776459,0.003970213700085878,Cello
5e5bca7a.wav,Cello,0.013591987080872059,0.9435856938362122,0.017660018056631088,0.0007736757397651672,0.0004626668232958764,0.00024240922357421368,1.2345526556600817e-07,0.007214950863271952,0.016141235828399658,0.0003272465255577117,Cello
811bf309.wav,Cello,0.020663172006607056,0.15079157054424286,0.060670267790555954,0.007358269300311804,0.00019755707762669772,0.012018312700092793,1.8003431250690483e-05,0.054736386984586716,0.6774128079414368,0.016133693978190422,Cello
5689818f.wav,Cello,0.0139438696205616,0.22116829454898834,0.10142815113067627,0.013875504024326801,0.00031083449721336365,0.008442508988082409,2.6765274014906026e-05,0.09317048639059067,0.5265003442764282,0.021133191883563995,Cello
81d9f077.wav,Cello,0.01395940501242876,0.6237672567367554,0.04599307104945183,0.004126004874706268,0.0002796128683257848,0.001899062772281468,1.3881076483812649e-06,0.02897983230650425,0.2758374810218811,0.00515684112906456,Cello
00353774.wav,Cello,0.015394467860460281,0.2144210785627365,0.09247162193059921,0.011425798758864403,0.0005411510937847197,0.017285773530602455,3.2299878512276337e-05,0.04522950202226639,0.5568634867668152,0.046334706246852875,Cello
6a210ffa.wav,Cello,0.01942995749413967,0.43901175260543823,0.05099041014909744,0.006071479991078377,0.00024802255211398005,0.002552963327616453,1.5659522887290223e-06,0.06100556254386902,0.4170483946800232,0.0036399620585143566,Cello
e97d9707.wav,Cello,0.018054354935884476,0.22914864122867584,0.10160288959741592,0.008841552771627903,0.00042731923167593777,0.019513610750436783,2.091873284371104e-05,0.05443239212036133,0.5140438079833984,0.05391446873545647,Cello
238b16a5.wav,Cello,0.013033856637775898,0.09826767444610596,0.07002905011177063,0.0058143106289207935,0.00024200296320486814,0.01089563500136137,1.4770200323255267e-05,0.11486248672008514,0.6822057366371155,0.004634410608559847,Cello
dc5be9d7.wav,Cello,0.014316372573375702,0.43423452973365784,0.05226361006498337,0.006271799094974995,0.00023438769858330488,0.005842376966029406,3.0018375127838226e-06,0.027437848970294,0.44489893317222595,0.014497230760753155,Cello
f9653de8.wav,Cello,0.014511378481984138,0.9302794933319092,0.0188056118786335,0.0009420334827154875,0.000858291401527822,0.00042233962449245155,3.580492204946495e-07,0.009673944674432278,0.02391991578042507,0.000586570764426142,Cello
31dbc5c0.wav,Cello,0.009692051447927952,0.07537201046943665,0.11853285878896713,0.013090193271636963,0.00024449729244224727,0.019239304587244987,8.136085671139881e-05,0.060873404145240784,0.6817334294319153,0.021140873432159424,Cello
cbc8d551.wav,Cello,0.012394517660140991,0.21403324604034424,0.14020086824893951,0.01894594356417656,0.00026725130737759173,0.01319014560431242,6.0760088672395796e-05,0.08129037916660309,0.476790189743042,0.042826633900403976,Cello
195f544d.wav,Cello,0.014218796044588089,0.16783052682876587,0.12136860191822052,0.013787681236863136,0.0005051105399616063,0.03443793207406998,9.802135900827125e-05,0.1048128604888916,0.5004073977470398,0.04253315180540085,Cello
22bea889.wav,Cello,0.015363924205303192,0.631522536277771,0.05314633995294571,0.005207565147429705,0.00037026271456852555,0.0018771891482174397,8.813587442091375e-07,0.08745787292718887,0.2026180773973465,0.0024353673215955496,Cello
ab8e8ae3.wav,Cello,0.016292601823806763,0.5393710136413574,0.05325198918581009,0.0066529856994748116,0.00029813896981067955,0.005080741830170155,3.4064578358083963e-06,0.038720861077308655,0.3308686912059784,0.009459679014980793,Cello
e70c41d4.wav,Cello,0.0105160903185606,0.08890307694673538,0.11513025313615799,0.008444489911198616,0.00039483472937718034,0.01882883906364441,4.375357457320206e-05,0.04238710552453995,0.6703208088874817,0.04503066465258598,Cello
125e6ccf.wav,Cello,0.02010551281273365,0.5498204827308655,0.03831049054861069,0.005783827509731054,0.0002018102677538991,0.0023481829557567835,9.761695309862262e-07,0.03084695152938366,0.35043469071388245,0.0021470950450748205,Cello
2da9e12a.wav,Cello,0.016020087525248528,0.37058547139167786,0.05154956504702568,0.007546074688434601,0.0002242191694676876,0.0024057424161583185,2.22878065869736e-06,0.06528004258871078,0.4814194440841675,0.004967227578163147,Cello
34e4d187.wav,Cello,0.014885785058140755,0.6346601247787476,0.03350665047764778,0.00449809804558754,0.0003559583274181932,0.0013013118878006935,6.019224088049668e-07,0.06524740904569626,0.24352124333381653,0.002022805856540799,Bass_drum
52e54bdd.wav,Bass_drum,0.005800589919090271,0.9163342714309692,0.02234857901930809,0.0009730459423735738,0.0011356646427884698,0.00020726266666315496,1.069294853550673e-06,0.05231260508298874,0.0003000614233314991,0.0005868492880836129,Bass_drum
6d21ad67.wav,Bass_drum,0.09410904347896576,0.536864697933197,0.12094048410654068,0.00946413166821003,0.012165266089141369,0.015183406881988049,7.585591083625332e-05,0.16854631900787354,0.030254900455474854,0.01239584106951952,Bass_drum
ca3f3698.wav,Bass_drum,0.0022085076197981834,0.9820297956466675,0.00469761248677969,0.0003016118716914207,0.0009283392573706806,1.5424733646796085e-05,1.816002459520405e-08,0.009706723503768444,1.0022706192103215e-05,0.00010196309449383989,Bass_drum
aa9ae956.wav,Bass_drum,0.01409488171339035,0.9002848863601685,0.03571002930402756,0.004113043658435345,0.010643025860190392,0.00021924629982095212,2.3085431166691706e-06,0.03366827219724655,0.0003037812712136656,0.0009605786763131618,Bass_drum
0ddb4bdf.wav,Bass_drum,0.0031600960064679384,0.8201358914375305,0.008730264380574226,0.0010357631836086512,0.001307378290221095,3.12255542667117e-05,1.3661667708220193e-07,0.16528292000293732,2.4455308448523283e-05,0.00029184375307522714,Bass_drum
921eee9d.wav,Bass_drum,0.007238950114697218,0.6775634288787842,0.20595629513263702,0.001957974163815379,0.002136950148269534,0.032836589962244034,7.485479727620259e-05,0.03651275113224983,0.02870822884142399,0.007013967260718346,Bass_drum
c153f347.wav,Bass_drum,0.002154469955712557,0.8524192571640015,0.006619890686124563,0.0006043823668733239,0.0010967061389237642,6.714174378430471e-05,7.478436714336567e-07,0.13652387261390686,2.548730481066741e-05,0.0004879990010522306,Bass_drum
63e0ab2c.wav,Bass_drum,0.006161198019981384,0.8757479786872864,0.08048269897699356,0.0025461004115641117,0.0023508169688284397,0.000554016325622797,3.3383400932507357e-06,0.03133004531264305,0.00016055256128311157,0.0006632186705246568,Bass_drum
88780eac.wav,Bass_drum,0.042282503098249435,0.7538110613822937,0.06362031400203705,0.004763081669807434,0.001571296132169664,0.010371821001172066,3.190655115759e-05,0.0834188461303711,0.03457200899720192,0.005557157099246979,Bass_drum
bea51ca5.wav,Bass_drum,0.006712713278830051,0.32873624563217163,0.05888142064213753,0.008825588040053844,0.00047509465366601944,0.009724164381623268,4.629886825568974e-05,0.08407799154520035,0.4757482409477234,0.026772255077958107,Snare_drum
f26131d8.wav,Bass_drum,0.007221273612231016,0.9505159258842468,0.018187079578638077,0.0008538500405848026,0.0005423474940471351,0.00017949705943465233,1.771333728584068e-07,0.019464993849396706,0.002111797919496894,0.0009231013827957213,Bass_drum
ce75b5ce.wav,Bass_drum,0.006998106837272644,0.9470982551574707,0.02244539186358452,0.001803685910999775,0.0006493369583040476,0.0002925055450759828,7.757106459393981e-07,0.017597610130906105,0.0016621630638837814,0.0014522138517349958,Bass_drum
565f3ee2.wav,Bass_drum,0.004991752561181784,0.9661542773246765,0.009122759103775024,0.0006583866197615862,0.0012704877881333232,3.426049806876108e-05,1.0835450581225814e-07,0.016635676845908165,0.00028190662851557136,0.0008503395365551114,Bass_drum
ff11628d.wav,Bass_drum,0.07045942544937134,0.8611791729927063,0.03652177378535271,0.0009787853341549635,0.0024599439930170774,0.0002855479542631656,9.247136176782078e-07,0.022935446351766586,0.004296703264117241,0.000882314401678741,Bass_drum
cdfc8967.wav,Bass_drum,0.14066927134990692,0.8156244158744812,0.015278980135917664,0.00038250870420597494,0.001618370646610856,0.0001688321790425107,6.685373818982043e-07,0.01404171995818615,0.01203948725014925,0.00017567959730513394,Bass_drum
f8a99b37.wav,Bass_drum,0.008872921578586102,0.90422523021698,0.05420815199613571,0.0020551946945488453,0.004082961939275265,0.00019019511819351465,1.6776432403275976e-06,0.02566966973245144,0.00014267362712416798,0.0005512383067980409,Bass_drum
809ea09e.wav,Bass_drum,0.003177032573148608,0.907085120677948,0.015362677164375782,0.006240272428840399,0.0033570625819265842,0.00010015735460910946,2.1201069557719165e-06,0.06380218267440796,6.319857493508607e-05,0.0008101042476482689,Bass_drum
03fc1f96.wav,Bass_drum,0.019494932144880295,0.783913791179657,0.06395978480577469,0.005512860603630543,0.0006719041266478598,0.003325639758259058,2.2844064005766995e-05,0.02282271906733513,0.09778185188770294,0.002493717707693577,Bass_drum
8b6a16de.wav,Bass_drum,0.002880159532651305,0.9786146879196167,0.004095881711691618,0.0003112269623670727,0.0009508757502771914,1.4361335161083844e-05,1.951301342728584e-08,0.013027354143559933,1.951934609678574e-05,8.584470197092742e-05,Bass_drum
7dda9dc2.wav,Bass_drum,0.010710037313401699,0.7478710412979126,0.07805841416120529,0.0074371653608977795,0.0008062078268267214,0.0004756947746500373,2.7748194497689838e-06,0.14946022629737854,0.0009652778971940279,0.0042131138034164906,Bass_drum
3a9085ca.wav,Bass_drum,0.005659665912389755,0.8308243751525879,0.09492151439189911,0.003653916995972395,0.0010432656854391098,0.007771993987262249,3.554380964487791e-05,0.049701496958732605,0.002870482625439763,0.0035177685786038637,Bass_drum
4ba2b70e.wav,Bass_drum,0.009080332703888416,0.6759212017059326,0.030462294816970825,0.006414684001356363,0.0015000171260908246,0.0017553729703649879,1.3124528777552769e-05,0.26418083906173706,0.007329611573368311,0.003342480631545186,Bass_drum
01c2f88b.wav,Bass_drum,0.004667365457862616,0.981270968914032,0.004247376229614019,0.00027335097547620535,0.0011958032846450806,1.95061420527054e-05,2.290842893160061e-08,0.008136638440191746,9.59767130552791e-05,9.308336302638054e-05,Bass_drum
ce3f3400.wav,Bass_drum,0.01581144891679287,0.9309964179992676,0.018813665956258774,0.0007994002662599087,0.0007308783824555576,0.00017011557065416127,1.8745869567737827e-07,0.026785895228385925,0.005553113296627998,0.00033890194026753306,Bass_drum
6a96272b.wav,Bass_drum,0.006218031048774719,0.8711520433425903,0.01013670302927494,0.0007426956435665488,0.0006828997866250575,0.00026959177921526134,4.6563221189899195e-07,0.10942088812589645,0.0010985690169036388,0.0002781362272799015,Bass_drum
9adffd44.wav,Bass_drum,0.007978632114827633,0.9713874459266663,0.00818871334195137,0.00036629653186537325,0.0010243112919852138,5.403836621553637e-05,5.314111817256162e-08,0.010517959482967854,0.00032955926144495606,0.00015308274305425584,Bass_drum
7d11b3b4.wav,Bass_drum,0.003137522377073765,0.8688544034957886,0.016748614609241486,0.0022673076018691063,0.0008761213393881917,0.0005063193966634572,5.436852006823756e-06,0.10307323932647705,0.0012494282564148307,0.003281680168583989,Bass_drum
bab98261.wav,Bass_drum,0.0025707397144287825,0.813430666923523,0.014082765206694603,0.002554040402173996,0.0016469752881675959,0.00017654879775363952,6.238112291612197e-06,0.15840016305446625,7.210379408206791e-05,0.0070597222074866295,Bass_drum
c11bacda.wav,Bass_drum,0.004362083505839109,0.9790596961975098,0.010544629767537117,0.0003956760629080236,0.0007708335178904235,2.5820972950896248e-05,5.677118863900432e-08,0.004604907240718603,6.296083302004263e-05,0.00017327947716694325,Bass_drum
9a4bfb69.wav,Bass_drum,0.0684075728058815,0.7149823904037476,0.11182280629873276,0.002721588360145688,0.0037021678872406483,0.03826173394918442,6.484524783445522e-05,0.04909062385559082,0.006726057734340429,0.004220239818096161,Bass_drum
18865530.wav,Flute,0.032240141183137894,0.7350369691848755,0.1148892417550087,0.003946136683225632,0.0016425603535026312,0.004956115502864122,1.4407412891159765e-05,0.015324581414461136,0.08102694153785706,0.010922891087830067,Flute
9f6eac9c.wav,Flute,0.049884069710969925,0.2892589867115021,0.14841628074645996,0.009993977844715118,0.0010565086267888546,0.014923349022865295,3.205080793122761e-05,0.019284622743725777,0.4207414984703064,0.046408750116825104,Flute
07db7f16.wav,Flute,0.0357569083571434,0.7360131144523621,0.1170552521944046,0.002817841712385416,0.002168000675737858,0.00417663250118494,3.3610617720114533e-06,0.009842170402407646,0.08501503616571426,0.0071516335010528564,Flute
dc6676ff.wav,Flute,0.025511609390378,0.7561091184616089,0.07767219841480255,0.007299456279724836,0.0011018987279385328,0.004547579679638147,1.7487578588770702e-05,0.021629367023706436,0.09056903421878815,0.015542378649115562,Flute
3eaddda8.wav,Flute,0.03394140675663948,0.2110442817211151,0.1736549735069275,0.02067951299250126,0.0009802416898310184,0.017816966399550438,9.310333553003147e-05,0.04033413529396057,0.4356984496116638,0.0657569020986557,Flute
1b93aeba.wav,Flute,0.034090183675289154,0.2908097207546234,0.13571229577064514,0.007337628863751888,0.0009456537081860006,0.0173194520175457,1.2171004527772311e-05,0.024344323202967644,0.45879480242729187,0.030633699148893356,Flute
c683f28f.wav,Flute,0.024993836879730225,0.13282811641693115,0.17312350869178772,0.032807160168886185,0.0006021507433615625,0.026740189641714096,0.00015188688121270388,0.05337510257959366,0.45789834856987,0.09747970104217529,Flute
55d52a69.wav,Flute,0.042894817888736725,0.4791926443576813,0.2137938141822815,0.005079173948615789,0.002174294088035822,0.01938025653362274,2.6270043235854246e-05,0.02047235332429409,0.19579412043094635,0.02119220606982708,Flute
ca8653d2.wav,Flute,0.030398787930607796,0.22096647322177887,0.15035580098628998,0.012060806155204773,0.0009087006328627467,0.027850592508912086,8.513365173712373e-05,0.04281056672334671,0.457888662815094,0.05667436495423317,Flute
6b27a847.wav,Flute,0.02756555937230587,0.8063250780105591,0.06089914217591286,0.0016691511264070868,0.0008829598664306104,0.002760559320449829,3.035492909475579e-06,0.006764667574316263,0.08886093646287918,0.004269099794328213,Flute
4bcc8a77.wav,Flute,0.012421302497386932,0.08191800862550735,0.1598077267408371,0.01815621368587017,0.00038194781518541276,0.017725076526403427,5.8863348385784775e-05,0.09559985250234604,0.5663327574729919,0.0475982204079628,Flute
84f5b84b.wav,Flute,0.028317535296082497,0.08823895454406738,0.14132335782051086,0.021647466346621513,0.0003436247061472386,0.013109501451253891,6.122540071373805e-05,0.030931983143091202,0.5591015815734863,0.11692477017641068,Flute
5d73ee6f.wav,Flute,0.030905473977327347,0.28769439458847046,0.15769833326339722,0.010266680270433426,0.0010847720550373197,0.016206078231334686,4.919750790577382e-05,0.05669799819588661,0.39815548062324524,0.04124167561531067,Flute
5d040c3b.wav,Flute,0.019437020644545555,0.013892903923988342,0.10833373665809631,0.010258574970066547,0.00014117448881734163,0.010079881176352501,3.0342856916831806e-05,0.08560513705015182,0.7196877598762512,0.03253346309065819,Flute
6a037ddf.wav,Flute,0.05289318785071373,0.4588094651699066,0.18174269795417786,0.0071175978519022465,0.0013241630513221025,0.013845748268067837,1.9483100913930684e-05,0.027083516120910645,0.23177151381969452,0.02539263479411602,Flute
35e97db3.wav,Flute,0.02578558959066868,0.8825622797012329,0.058183737099170685,0.001613612286746502,0.0009426919859834015,0.0015093742404133081,2.0718166524602566e-06,0.005589779932051897,0.019839612767100334,0.003971283324062824,Flute
d14f5df1.wav,Flute,0.02792656421661377,0.1781720370054245,0.1512639969587326,0.012552368454635143,0.0007905587553977966,0.019866207614541054,6.348749593598768e-05,0.042527616024017334,0.51215660572052,0.0546804778277874,Flute
9f522cda.wav,Flute,0.03949006274342537,0.3371312618255615,0.18671444058418274,0.011535498313605785,0.0014097109669819474,0.01451005507260561,6.0853395552840084e-05,0.02544657327234745,0.29198139905929565,0.09172018617391586,Flute
fe76c972.wav,Flute,0.033582307398319244,0.28486400842666626,0.13804742693901062,0.01391441747546196,0.0008096973760984838,0.011727622710168362,2.9995517252245918e-05,0.03617734834551811,0.42970696091651917,0.051140137016773224,Flute
562d93f5.wav,Flute,0.03832866623997688,0.3237103521823883,0.1293027400970459,0.014053444378077984,0.0009084476041607559,0.011615649797022343,3.560154073056765e-05,0.042143531143665314,0.3797381818294525,0.06016337126493454,Flute
fa32109e.wav,Flute,0.039296939969062805,0.3159573972225189,0.14117585122585297,0.010496431030333042,0.0008295450825244188,0.0131083307787776,3.7484878703253344e-05,0.037617605179548264,0.39610740542411804,0.04537295922636986,Flute
b4b2b68d.wav,Flute,0.016789020970463753,0.08915258198976517,0.12878713011741638,0.01669532246887684,0.0005190412048250437,0.013310822658240795,6.16165270912461e-05,0.08079405128955841,0.5987865924835205,0.055103953927755356,Flute
af227d6f.wav,Flute,0.030291493982076645,0.19401787221431732,0.11557723581790924,0.011844626627862453,0.0006111639668233693,0.013258727267384529,4.023042492917739e-05,0.032305631786584854,0.5541471242904663,0.04790600761771202,Flute
85d6a7d2.wav,Flute,0.029006417840719223,0.21138937771320343,0.13526983559131622,0.017547477036714554,0.0007179795065894723,0.013706693425774574,3.84323502657935e-05,0.05294669046998024,0.4892640709877014,0.05011303722858429,Flute
3707da71.wav,Flute,0.03199207782745361,0.2046760469675064,0.16159501671791077,0.01774679310619831,0.0008846789132803679,0.019535554572939873,0.00017304543871432543,0.03384692966938019,0.46081429719924927,0.06873549520969391,Flute
61c914b1.wav,Flute,0.028041314333677292,0.8657078742980957,0.04524322599172592,0.0009014767711050808,0.0009794149082154036,0.0015234930906444788,5.808994956169045e-07,0.0027909278869628906,0.05314815044403076,0.0016636261716485023,Flute
f5e20dce.wav,Flute,0.013562123291194439,0.17463281750679016,0.051241446286439896,0.006412423215806484,0.00021359800302889198,0.008372779935598373,1.3079800737614278e-05,0.02832028828561306,0.7037087678909302,0.01352269109338522,Flute
b0d9849d.wav,Flute,0.0356285460293293,0.3542008101940155,0.14239658415317535,0.012476712465286255,0.0011052049230784178,0.017538631334900856,4.85993004986085e-05,0.027894560247659683,0.36533021926879883,0.04338007792830467,Flute
6ef82473.wav,Flute,0.022699065506458282,0.157945916056633,0.14062164723873138,0.015699101611971855,0.0006808786420151591,0.01645710878074169,6.845233292551711e-05,0.06456716358661652,0.5237233638763428,0.057537246495485306,Flute
8986cced.wav,Flute,0.03923453018069267,0.4553273320198059,0.14878833293914795,0.006887226365506649,0.0015610384289175272,0.01339537650346756,7.809780981915537e-06,0.025891369208693504,0.29549694061279297,0.0134099330753088,Bass_drum
a64a3740.wav,Clarinet,0.03263397514820099,0.8283660411834717,0.08092457056045532,0.0020488479640334845,0.0016418310115113854,0.002057530451565981,1.8798450582835358e-06,0.007812983356416225,0.037375308573246,0.00713709183037281,Clarinet
ad7ec8cb.wav,Clarinet,0.03857048973441124,0.7953332662582397,0.06817859411239624,0.0013450653059408069,0.0010462544159963727,0.00235950481146574,1.3431041452349746e-06,0.005283862352371216,0.08437200635671616,0.0035096369683742523,Clarinet
8ee44fb5.wav,Clarinet,0.022067151963710785,0.7692111134529114,0.09222935140132904,0.003005143953487277,0.0011673492845147848,0.003705498529598117,3.6911858387611574e-06,0.01803474687039852,0.08371471613645554,0.0068610855378210545,Clarinet
7eb959ec.wav,Clarinet,0.011953238397836685,0.19689740240573883,0.07720474898815155,0.008344699628651142,0.000280794280115515,0.010332876816391945,2.9666567570529878e-05,0.09728145599365234,0.5830742120742798,0.01460067369043827,Clarinet
e51e1770.wav,Clarinet,0.027311136946082115,0.6493144035339355,0.16925349831581116,0.003996225073933601,0.0014478008961305022,0.006705581676214933,8.926098416850436e-06,0.033897656947374344,0.09786807745695114,0.010196734219789505,Clarinet
3f7e6da8.wav,Clarinet,0.0058342511765658855,0.0885356068611145,0.035513922572135925,0.004814243875443935,0.00013583454710897058,0.004010649397969246,6.112533355917549e-06,0.2471868097782135,0.5983266234397888,0.015635976567864418,Clarinet
3cbe9902.wav,Clarinet,0.0061470759101212025,0.14962662756443024,0.0636487752199173,0.014090679585933685,0.00029657731647603214,0.0037391509395092726,1.0255528650304768e-05,0.11418375372886658,0.6416438817977905,0.006613236386328936,Clarinet
9a722e53.wav,Clarinet,0.00842286553233862,0.054914671927690506,0.08993935585021973,0.012060321867465973,0.00027992832474410534,0.017270347103476524,3.844095772365108e-05,0.10048233717679977,0.7009435892105103,0.015648216009140015,Clarinet
19105b8a.wav,Clarinet,0.007146673742681742,0.053908124566078186,0.05242033302783966,0.003978602588176727,0.00027924953610636294,0.010363378562033176,2.947638313344214e-05,0.06051008030772209,0.8068854808807373,0.004478627350181341,Clarinet
1f81cc2b.wav,Clarinet,0.01022808626294136,0.15024003386497498,0.06100063398480415,0.008128315210342407,0.00019260027329437435,0.009267299436032772,2.2416634237742983e-05,0.06858433783054352,0.6772460341453552,0.01509032677859068,Clarinet
44c5094c.wav,Clarinet,0.007498786319047213,0.036414436995983124,0.0989331305027008,0.02257460728287697,7.965116674313322e-05,0.005410419777035713,2.9156093660276383e-05,0.07468625903129578,0.7390346527099609,0.01533885020762682,Clarinet
5506629f.wav,Clarinet,0.017016060650348663,0.5023184418678284,0.23841212689876556,0.006028766743838787,0.0006531965336762369,0.011331633664667606,2.2973741579335183e-05,0.11046833544969559,0.10517188906669617,0.008576584048569202,Clarinet
ddf23920.wav,Clarinet,0.022453954443335533,0.8997854590415955,0.04583657160401344,0.0010362208122387528,0.0007952622836455703,0.0014354744926095009,1.0209009815298487e-06,0.005718122236430645,0.02124084159731865,0.0016970450524240732,Clarinet
2e1cd085.wav,Clarinet,0.0410497672855854,0.7741435766220093,0.06849268078804016,0.0015836241655051708,0.0008936471422202885,0.003685922361910343,3.3488959161331877e-06,0.005461244843900204,0.10176815837621689,0.0029181488789618015,Clarinet
dc981a38.wav,Clarinet,0.01765807345509529,0.09485036134719849,0.10665961354970932,0.01250249519944191,0.00035771532566286623,0.013930556364357471,7.053373701637611e-05,0.06361221522092819,0.6631836295127869,0.027174783870577812,Clarinet
a053797b.wav,Clarinet,0.030771423131227493,0.754733681678772,0.0746137946844101,0.0033015452791005373,0.0008763158693909645,0.0027170730754733086,2.1482289866980864e-06,0.00924176536500454,0.11859280616044998,0.005149369593709707,Clarinet
f2310f0d.wav,Clarinet,0.031066562980413437,0.7840041518211365,0.06733092665672302,0.0026857100892812014,0.0010067594703286886,0.002196377143263817,1.2924747352371924e-06,0.01270372699946165,0.09500844031572342,0.0039961370639503,Clarinet
ce65d6b5.wav,Clarinet,0.03689677268266678,0.536841630935669,0.06779283285140991,0.0030956862028688192,0.0005917699309065938,0.007038262207061052,3.658690275187837e-06,0.007056993432343006,0.33328869938850403,0.007393744774162769,Clarinet
45de3233.wav,Clarinet,0.023863403126597404,0.6799287796020508,0.0584406778216362,0.004727861378341913,0.0005267481901682913,0.002222333801910281,1.3133465017745038e-06,0.027281848713755608,0.1965404599905014,0.006466627586632967,Clarinet
8916ffcd.wav,Clarinet,0.0051596700213849545,0.00822000578045845,0.08039592206478119,0.008916045539081097,6.941177707631141e-05,0.013865667395293713,6.410568312276155e-05,0.05914086848497391,0.8117710947990417,0.012397064827382565,Clarinet
e43f7db2.wav,Clarinet,0.011689845472574234,0.040074385702610016,0.10301632434129715,0.01833874173462391,0.00021466256293933839,0.012707957997918129,9.036473056767136e-05,0.046417586505413055,0.7183688282966614,0.04908113181591034,Clarinet
3c66098d.wav,Clarinet,0.02553301677107811,0.8831304311752319,0.052924610674381256,0.0010042820358648896,0.0008998240227811038,0.001613222761079669,7.684540719310462e-07,0.0031358636915683746,0.030009601265192032,0.0017484655836597085,Clarinet
ad42e493.wav,Clarinet,0.03214086964726448,0.5830986499786377,0.10112986713647842,0.003640619572252035,0.0007412614650093019,0.005402212962508202,3.829637989838375e-06,0.010251062922179699,0.2516588866710663,0.011932754889130592,Clarinet
740e5bb7.wav,Clarinet,0.011007603257894516,0.28877294063568115,0.07158952951431274,0.007835575379431248,0.0003343097341712564,0.008180314674973488,3.672646562336013e-05,0.0740303322672844,0.5283983945846558,0.009814141318202019,Clarinet
800b401e.wav,Clarinet,0.019546205177903175,0.7371183037757874,0.0496041402220726,0.004747140686959028,0.00028561189537867904,0.0013508875854313374,7.510291197831975e-07,0.027532365173101425,0.15521368384361267,0.004600984510034323,Clarinet
3c713bcf.wav,Clarinet,0.014484214596450329,0.26553231477737427,0.09004662185907364,0.005408069118857384,0.00028831715462729335,0.00947493128478527,1.1852182979055215e-05,0.08954465389251709,0.5074658989906311,0.01774313487112522,Clarinet
2fc00271.wav,Clarinet,0.004650099668651819,0.013218143954873085,0.03944979980587959,0.004459872376173735,0.00011637341231107712,0.015493554063141346,3.48620415024925e-05,0.039778776466846466,0.8673340082168579,0.015464594587683678,Clarinet
b0c06255.wav,Clarinet,0.0034393896348774433,0.005862977355718613,0.02108657918870449,0.003988053649663925,6.070105155231431e-05,0.008074993267655373,1.828493259381503e-05,0.010645104572176933,0.9344474673271179,0.012376418337225914,Clarinet
71c6451f.wav,Clarinet,0.05437544360756874,0.3736463785171509,0.1296476274728775,0.0040075890719890594,0.0013918118784204125,0.013682051561772823,7.83676023274893e-06,0.009493633173406124,0.40135660767555237,0.01239099819213152,Clarinet
5de123c3.wav,Clarinet,0.011557322926819324,0.09259610623121262,0.12229157984256744,0.02174839749932289,0.0003215601318515837,0.007282723672688007,7.032593566691503e-05,0.08767743408679962,0.6139151453971863,0.042539361864328384,Violin_or_fiddle
